firstName,lastName,email
John,Doe,john.doe@example.com
Jane,Smith,jane.smith@example.com
Robert,Johnson,robert.johnson@example.com
Emily,Williams,emily.williams@example.com
Michael,Miller,michael.miller@example.com
Amanda,Clark,amanda.clark@example.com
David,Anderson,david.anderson@example.com
Sophia,Brown,sophia.brown@example.com
Daniel,White,daniel.white@example.com
Olivia,Thomas,olivia.thomas@example.com
Benjamin,Hall,benjamin.hall@example.com
Emma,Allen,emma.allen@example.com
William,Turner,william.turner@example.com
Grace,Cooper,grace.cooper@example.com
Christopher,Ward,christopher.ward@example.com
Madison,Hill,madison.hill@example.com
Nicholas,Scott,nicholas.scott@example.com
Lily,Carter,lily.carter@example.com
Ethan,Adams,ethan.adams@example.com
Sofia,Evans,sofia.evans@example.com
Matthew,Moore,matthew.moore@example.com
Chloe,Roberts,chloe.roberts@example.com
James,King,james.king@example.com
Isabella,Green,isabella.green@example.com
Andrew,Turner,andrew.turner@example.com
Ava,Morris,ava.morris@example.com
Daniel,Hughes,daniel.hughes@example.com
Mia,Bennett,mia.bennett@example.com
